timestamp,task_id,subtask_id,user_id,action,outcome,detail,command,version,input,pr
2026-10-05T08:50:41.127Z,P0001,,38179254,claim_encoding,accepted,,campaign.claimTask,1,"{""task_id"":""P0001""}",1
2026-10-05T08:53:16.897Z,P0001,,38179254,submit_encoding,accepted,,campaign.submitOmrLayout,2,"{""task_id"":""P0001"",""staves"":21,""grandstaves"":7,""measures"":31,""systems"":5,""movements"":1}",2
2026-10-05T08:54:09.740Z,P0001,S0001,5521800,claim_validation,accepted,,campaign.claimValidation,1,"{""task_id"":""P0001"",""subtask_id"":""S0001""}",3
2026-10-05T08:55:01.351Z,P0001,S0001,5521800,submit_validation,accepted,pass,campaign.submitValidation,2,"{""task_id"":""P0001"",""subtask_id"":""S0001"",""verdict"":""pass""}",4
2026-10-05T08:55:40.742Z,P0002,,38179254,claim_encoding,accepted,,campaign.claimTask,1,"{""task_id"":""P0002""}",5
2026-10-05T08:56:47.977Z,P0002,,38179254,submit_encoding,accepted,,campaign.submitScoreSetup,1,"{""task_id"":""P0002"",""staves"":3,""groups"":1,""keysig"":""0"",""meter"":""4/4""}",6
2026-10-05T08:57:22.501Z,P0002,S0001,5521800,claim_validation,accepted,,campaign.claimValidation,1,"{""task_id"":""P0002"",""subtask_id"":""S0001""}",7
2026-10-05T08:58:08.592Z,P0002,S0001,5521800,submit_validation,accepted,pass,campaign.submitValidation,2,"{""task_id"":""P0002"",""subtask_id"":""S0001"",""verdict"":""pass""}",8
2026-10-05T08:58:56.333Z,T0002,,5521800,claim_encoding,accepted,,campaign.openEditor,1,"{""task_id"":""T0002""}",9
2026-10-05T18:04:06.954Z,T0002,,5521800,reap,released,encoding,,,,
2026-10-09T08:32:02.466Z,T0001,,5521800,claim_encoding,accepted,,campaign.openEditor,1,"{""task_id"":""T0001""}",10
2026-10-09T15:54:01.451Z,T0001,,5521800,reap,released,encoding,,,,
